{"current":{"color_text":"#3a3a3a","color_body_text":"#333232","color_sale_text":"#EA0606","color_button":"#f1671a","color_button_text":"#ffffff","color_small_button_text_border":"#3a3a3a","color_text_field_text":"#000000","color_text_field_border":"#cccccc","color_text_field":"#ffffff","color_image_overlay_text":"#ffffff","color_image_overlay":"#685858","image_overlay_opacity":46,"color_borders":"#ebebeb","color_body_bg":"#ffffff","type_header_font":"helvetica_n7","type_header_base_size":26,"type_base_font":"helvetica_n4","type_base_size":15,"favicon":"shopify:\/\/shop_images\/Screenshot_2021-10-09_at_17.50.01.png","checkout_logo_image":"shopify:\/\/shop_images\/Screenshot_2021-10-09_at_17.50.01.png","checkout_logo_position":"left","checkout_logo_size":"medium","checkout_body_background_color":"#fff","checkout_input_background_color_mode":"white","checkout_sidebar_background_color":"#fafafa","checkout_heading_font":"-apple-system, BlinkMacSystemFont, 'Segoe UI', Roboto, Helvetica, Arial, sans-serif, 'Apple Color Emoji', 'Segoe UI Emoji', 'Segoe UI Symbol'","checkout_body_font":"-apple-system, BlinkMacSystemFont, 'Segoe UI', Roboto, Helvetica, Arial, sans-serif, 'Apple Color Emoji', 'Segoe UI Emoji', 'Segoe UI Symbol'","checkout_accent_color":"#1878b9","checkout_button_color":"#f1671a","checkout_error_color":"#e22120","sections":{"header":{"type":"header","settings":{"align_logo":"left","logo":"shopify:\/\/shop_images\/Screenshot_2021-10-09_at_17.50.01.png","logo_max_width":90,"main_linklist":"main-menu","message":false,"home_page_only":true,"message_text":"Announce something here","message_link":"","color_bg":"#3a3a3a","color_text":"#ffffff"}},"hero-1":{"type":"hero","settings":{"image":"shopify:\/\/shop_images\/H00e134216d45457785938a2fc6f48b509.jpg","alignment":"center","hero_layout":"full_width","hero_size":"large","text_size":"large","title":"Give your brows the look you’ve been dreaming of!","text":"<p><br\/><\/p><p>Premium Eyebrow Stamp Kit<\/p><p><\/p><p><br\/><br\/><br\/><\/p>","button_label":"SHOP NOW","button_link":"shopify:\/\/products\/eyebrow-stamp-kit"}},"feature-row":{"type":"feature-row","settings":{"image":"shopify:\/\/shop_images\/Screenshot_2021-10-12_at_12.16.38.png","layout":"left","title":"Stamp your eyebrows!","text":"<p>With help of various size and shape patterns you can finally have your dream eyebrows<\/p>","button_label":"SHOP NOW","button_link":"shopify:\/\/products\/eyebrow-stamp-kit"}},"feature-columns":{"type":"feature-columns","blocks":{"feature-columns-0":{"type":"text_block","settings":{"enable_image":true,"image":"shopify:\/\/shop_images\/Screenshot_2021-10-12_at_15.30.10.png","title":"Choose the right tone","text":"<p>In our wide colour palette you can find the tone that perfectly fits you and looks naturally.<\/p>","button_label":"SHOP NOW","button_link":"shopify:\/\/products\/eyebrow-stamp-kit"}},"feature-columns-1":{"type":"text_block","settings":{"enable_image":true,"image":"shopify:\/\/shop_images\/Screenshot_2021-10-12_at_15.35.10.png","title":"Choose your form","text":"<p>With our reusable stencils you can change your eyebrow form even daily. Every Omorpha Eyebrow Stamp Kit has 10 stencils in set<\/p>","button_label":"SHOP NOW","button_link":"shopify:\/\/products\/eyebrow-stamp-kit"}},"feature-columns-2":{"type":"text_block","settings":{"enable_image":true,"image":"shopify:\/\/shop_images\/Screenshot_2021-10-12_at_15.42.26.png","title":"Easy to use","text":"<p>Every woman is able to use the Omorphia Eyebrow Stamp Kit. To find the step-by-step instruction for usin the Eyebrow Stamp Kit click the button bellow<\/p>","button_label":"CLICK HERE","button_link":"shopify:\/\/blogs\/news"}}},"block_order":["feature-columns-0","feature-columns-1","feature-columns-2"],"settings":{"title":"","align_text":"left"}},"collection":{"type":"collection","disabled":true,"settings":{"title":"Featured collection","collection":"","grid":4,"rows":2,"show_vendor":false,"show_view_all":false}},"hero-2":{"type":"hero","settings":{"image":"shopify:\/\/shop_images\/Screenshot_2021-10-12_at_15.59.25.png","alignment":"center","hero_layout":"full_width","hero_size":"large","text_size":"medium","title":"Join more than 5000 happy customers","text":"","button_label":"Customers Reviews","button_link":"shopify:\/\/products\/eyebrow-stamp-kit"}},"quotes":{"type":"quotes","disabled":true,"blocks":{"quotes-0":{"type":"quote","settings":{"quote":"<p>Add customer reviews and testimonials to showcase your store’s happy customers.<\/p>","author":"Author's name"}},"quotes-1":{"type":"quote","settings":{"quote":"<p>Add customer reviews and testimonials to showcase your store’s happy customers.<\/p>","author":"Author's name"}},"quotes-2":{"type":"quote","settings":{"quote":"<p>Add customer reviews and testimonials to showcase your store’s happy customers.<\/p>","author":"Author's name"}}},"block_order":["quotes-0","quotes-1","quotes-2"],"settings":{"title":""}},"image-bar":{"type":"image-bar","disabled":true,"blocks":{"image-bar-0":{"type":"image","settings":{"alignment":"center","link":"","cta_label":""}},"image-bar-1":{"type":"image","settings":{"alignment":"center","link":"","cta_label":""}},"image-bar-2":{"type":"image","settings":{"alignment":"center","link":"","cta_label":""}}},"block_order":["image-bar-0","image-bar-1","image-bar-2"],"settings":{"section_height":"medium"}},"footer":{"type":"footer","blocks":{"footer-0":{"type":"link_list","disabled":true,"settings":{"title":"Quick links","menu":"footer"}},"footer-1":{"type":"newsletter","settings":{"title":"Subscribe to our Newsletter"}}},"block_order":["footer-0","footer-1"],"settings":{"show_payment_icons":true,"color_footer_bg":"#f6f6f6","color_footer_text":"#333232","show_currency_selector":true,"show_locale_selector":true}},"cart-template":{"type":"cart-template","settings":{"cart_ajax_enable":true,"cart_notes_enable":false}},"product-template":{"type":"product-template","settings":{"show_quantity_selector":true,"show_vendor":false,"enable_payment_button":true,"show_share_buttons":true,"media_size":"medium","enable_image_zoom":true,"enable_video_looping":false}},"product-recommendations":{"type":"product-recommendations","settings":{"show_product_recommendations":true,"heading":"You may also like","show_vendor":false}}},"content_for_index":["hero-1","feature-row","feature-columns","collection","hero-2","quotes","image-bar"]},"presets":{"Default":{"sections":{"header":{"type":"header","settings":{}},"hero-1":{"type":"hero","settings":{"hero_size":"large","text_size":"large"}},"feature-row":{"type":"feature-row","settings":{}},"feature-columns":{"type":"feature-columns","blocks":{"feature-columns-0":{"type":"text_block","settings":{}},"feature-columns-1":{"type":"text_block","settings":{}},"feature-columns-2":{"type":"text_block","settings":{}}},"block_order":["feature-columns-0","feature-columns-1","feature-columns-2"],"settings":{"title":""}},"collection":{"type":"collection","settings":{"grid":4}},"hero-2":{"type":"hero","settings":{"text_size":"large"}},"quotes":{"type":"quotes","blocks":{"quotes-0":{"type":"quote","settings":{}},"quotes-1":{"type":"quote","settings":{}},"quotes-2":{"type":"quote","settings":{}}},"block_order":["quotes-0","quotes-1","quotes-2"],"settings":{"title":""}},"image-bar":{"type":"image-bar","blocks":{"image-bar-0":{"type":"image","settings":{}},"image-bar-1":{"type":"image","settings":{}},"image-bar-2":{"type":"image","settings":{}}},"block_order":["image-bar-0","image-bar-1","image-bar-2"],"settings":{}},"footer":{"type":"footer","blocks":{"footer-0":{"type":"link_list","settings":{}},"footer-1":{"type":"newsletter","settings":{}}},"block_order":["footer-0","footer-1"],"settings":{"show_payment_icons":true}}},"content_for_index":["hero-1","feature-row","feature-columns","collection","hero-2","quotes","image-bar"]},"Light":{"color_text":"#162950","color_body_text":"#6d6d6d","color_sale_text":"#DA2F0C","color_borders":"#e4e4e4","color_button":"#DA2F0C","color_button_text":"#ffffff","color_small_button_text_border":"#162950","color_text_field":"#ffffff","color_text_field_text":"#162950","color_text_field_border":"#909090","color_image_overlay_text":"#ffffff","color_image_overlay":"#3d3d3d","image_overlay_opacity":40,"color_body_bg":"#f8f8f8","type_header_font":"muli_n6","type_header_base_size":26,"type_base_font":"muli_n4","type_base_size":18,"share_facebook":true,"share_twitter":true,"share_pinterest":true,"social_twitter_link":"","social_facebook_link":"","social_pinterest_link":"","social_instagram_link":"","social_tumblr_link":"","social_snapchat_link":"","social_youtube_link":"","social_vimeo_link":"","favicon":"","checkout_header_image":"","checkout_logo_image":"","checkout_logo_position":"left","checkout_logo_size":"small","checkout_body_background_image":"","checkout_body_background_color":"#ffffff","checkout_input_background_color_mode":"white","checkout_sidebar_background_image":"","checkout_sidebar_background_color":"#e8f3f6","checkout_heading_font":"Roboto","checkout_body_font":"Source Sans Pro","checkout_accent_color":"#1990c6","checkout_button_color":"#23314e","checkout_error_color":"#ff6d6d","sections":{"header":{"type":"header","settings":{"align_logo":"left","logo":"","logo_max_width":135,"main_linklist":"main-menu","message":true,"color_bg":"#162950","color_text":"#ffffff"}},"hero":{"type":"hero","settings":{"alignment":"center","hero_size":"x-large","text_size":"large"}},"slideshow":{"type":"slideshow","blocks":{"slideshow-0":{"type":"image","settings":{"image":"","alignment":"center center"}},"1492095993817":{"type":"image","settings":{"image":"","alignment":"center"}}},"block_order":["slideshow-0","1492095993817"],"settings":{"slideshow_height":"medium","text_size":"medium","autorotate":false,"autorotate_speed":5}},"featured-collections":{"type":"collection","settings":{"grid":3,"rows":1,"show_vendor":true,"show_view_all":true}},"product-template":{"type":"product-template","settings":{"show_quantity_selector":false,"show_vendor":false,"show_share_buttons":true,"media_size":"medium","enable_image_zoom":true,"enable_video_looping":false}},"collection-template":{"type":"collection-template","settings":{"layout":"grid","grid":2,"rows":2,"show_collection_image":true,"show_vendor":false,"sort_enable":true,"tags_enable":true}},"1492033809691":{"type":"map","settings":{}},"1492033877875":{"type":"quotes","blocks":{"1492033877875-0":{"type":"quote","settings":{}}},"block_order":["1492033877875-0"],"settings":{}},"1492033924902":{"type":"custom-content","blocks":{"1492033924902-0":{"type":"text","settings":{"width":"100%","alignment":"center","align_text":"center"}}},"block_order":["1492033924902-0"],"settings":{"title":""}},"1492096252560":{"type":"collection-list","blocks":{"1492096252560-0":{"type":"featured_collection","settings":{}},"1492096252560-1":{"type":"featured_collection","settings":{}},"1492096252560-2":{"type":"featured_collection","settings":{}}},"block_order":["1492096252560-0","1492096252560-1","1492096252560-2"],"settings":{"grid":3}},"blog-template":{"type":"blog-template","settings":{"layout":"grid","blog_show_author":true,"blog_show_date":false}},"article-template":{"type":"article-template","settings":{"blog_show_author":true,"blog_show_date":true,"show_share_buttons":true}},"cart-template":{"type":"cart-template","settings":{"cart_notes_enable":false}},"footer":{"type":"footer","blocks":{"link_list":{"type":"link_list","settings":{}},"text":{"type":"text","settings":{}},"newsletter":{"type":"newsletter","settings":{}}},"block_order":["link_list","text","newsletter"],"settings":{"color_footer_bg":"#f8f8f8","color_footer_text":"#6d6d6d"}}},"content_for_index":["hero","featured-collections","slideshow","1492033924902","1492096252560","1492033877875","1492033809691"]}}}